{
  "config.py": 1776092938.6662712,
  "orchestrator.py": 1776092963.1047595,
  "main.py": 1775893163.1927652,
  "core/repo_tracker.py": 1775763698.292426,
  "core/goals.py": 1775763677.4054942,
  "core/tools.py": 1776089278.0378273,
  "core/experience.py": 1775709708.0713007,
  "core/__init__.py": 1775647479.9394867,
  "core/llm.py": 1776089249.015481,
  "core/locator.py": 1775709708.049983,
  "core/hypothesis.py": 1775719130.3968992,
  "core/belief.py": 1775719165.4343555,
  "core/experiment.py": 1775727186.7857292,
  "core/router.py": 1775647527.1485965,
  "core/github.py": 1775806902.9426851,
  "core/pr_monitor.py": 1775760268.6835604,
  "core/curiosity.py": 1775719117.0872934,
  "core/verifier.py": 1775924216.2938235,
  "core/executor.py": 1775719825.004862,
  "bootstrap/cradle.py": 1775647570.8463547,
  "bootstrap/__init__.py": 1775647559.4403925,
  "comms/__init__.py": 1775798365.2181134,
  "comms/protocol/session_memory.py": 1775798505.254781,
  "comms/protocol/outbox_writer.py": 1775798421.153551,
  "comms/protocol/decision_gate.py": 1775798437.139226,
  "comms/protocol/notifier.py": 1775798446.2831998,
  "comms/protocol/__init__.py": 1775798365.2183533,
  "comms/protocol/message.py": 1775798387.945986,
  "comms/protocol/inbox_reader.py": 1775798398.5432854,
  "comms/protocol/claude_invoker.py": 1775798461.5925245,
  "comms/channels/file_channel.py": 1775798476.4593644,
  "comms/channels/__init__.py": 1775798365.2186198,
  "comms/channels/channel_manager.py": 1775798487.9989083,
  "comms/channels/base.py": 1775798468.8761506,
  "scripts/send.py": 1775798520.0923383,
  "scripts/read.py": 1775798536.4296887,
  "requirements.txt": 1775647614.8234107,
  "comms/outbox/latest.md": 1775804843.3585358
}